id,address,subregion,neighborhood,date,id.1,state,nature,nature_description,aerial_means,terrestrial_means,aquatic_means,operational,date.1,Concelho,Distrito,NUTII_DSG,longitude,latitude,state_2
26270141,Cabeça Gorda,Baixo Alentejo,312,2025-11-11T18:14:00Z,26270141,Em Despacho,3105,Incêndio rural,0,4,0,12,2025-11-11T18:14:00Z,Beja,Beja,Alentejo,-7.79926,37.91827,Despacho
26269945,Beja (Salvador e Santa Maria da Feira),Baixo Alentejo,312,2025-11-11T17:32:00Z,26269945,Em Resolução/Conclusão,3105,Incêndio rural,0,0,0,0,2025-11-11T17:32:00Z,Beja,Beja,Alentejo,-7.84812,38.0205,Resolução/Conclusão
26268565,Sobral da Adiça,Baixo Alentejo,312,2025-11-11T13:11:00Z,26268565,Em Resolução/Conclusão,3105,Incêndio rural,0,1,0,2,2025-11-11T13:11:00Z,Moura,Beja,Alentejo,-7.271995,38.031979,Resolução/Conclusão
26269292,Ourique,Baixo Alentejo,312,2025-11-11T15:25:00Z,26269292,Em Despacho,3105,Incêndio rural,0,0,0,0,2025-11-11T15:25:00Z,Ourique,Beja,Alentejo,-8.18388,37.5829,Despacho
26270200,Azeitão (São Lourenço e São Simão),Península de Setúbal,311,2025-11-11T18:10:00Z,26270200,Em Despacho,3111,Queima,0,1,0,5,2025-11-11T18:10:00Z,Setúbal,Setúbal,Área Metropolitana De Lisboa,-9.04265,38.541479,Despacho
